{  
   "d":{  
      "results":[  
         {  
            "__metadata":{  
               "id":"http://emrelay.adfca.ae/ias_relay_server/client/rs_client.dll/AEADEMAP01AFS.SUPFarm/gateway/odata/SAP/ADFCA_CATEC_INIT_SP07;v=1/LookUpDetailsSet('2600')",
               "uri":"http://emrelay.adfca.ae/ias_relay_server/client/rs_client.dll/AEADEMAP01AFS.SUPFarm/gateway/odata/SAP/ADFCA_CATEC_INIT_SP07;v=1/LookUpDetailsSet('2600')",
               "type":"Model.LookUpDetails"
            },
            "LookUpDetailsID":"2600",
            "CategoryID":"1055",
            "CreatedDate":"",
            "ID":"2600",
            "IsActive":"true",
            "LookupSystemID":"2600",
            "LookupsCategory":"2600",
            "NameAR":"السيد",
            "NameEN":"Mr."
         },
         {  
            "__metadata":{  
               "id":"http://emrelay.adfca.ae/ias_relay_server/client/rs_client.dll/AEADEMAP01AFS.SUPFarm/gateway/odata/SAP/ADFCA_CATEC_INIT_SP07;v=1/LookUpDetailsSet('2601')",
               "uri":"http://emrelay.adfca.ae/ias_relay_server/client/rs_client.dll/AEADEMAP01AFS.SUPFarm/gateway/odata/SAP/ADFCA_CATEC_INIT_SP07;v=1/LookUpDetailsSet('2601')",
               "type":"Model.LookUpDetails"
            },
            "LookUpDetailsID":"2601",
            "CategoryID":"1055",
            "CreatedDate":"",
            "ID":"2601",
            "IsActive":"true",
            "LookupSystemID":"2601",
            "LookupsCategory":"2601",
            "NameAR":"السيدة",
            "NameEN":"Mrs."
         }
      ]
   }
}