{
  "appId": "ae.adfca.agriguide",
  "appName": "Agri Guide",
  "bundledWebRuntime": false,
  "npmClient": "npm",
  "webDir": "www",
  "plugins": {
    "SplashScreen": {
      "launchShowDuration": 1000,
      "launchAutoHide": true,
      "backgroundColor": "#F7F4EB",
      "androidSplashResourceName": "splash",
      "androidScaleType": "CENTER_CROP",
      "androidSpinnerStyle": "large",
      "iosSpinnerStyle": "small",
      "spinnerColor": "#673918",
      "showSpinner": true,
      "splashFullScreen": true,
      "splashImmersive": true
    }
  },
  "cordova": {}
}
